Name,Institution,Best_Matched_Name,Best_Matched_Institution,Match_Score,Notes
Aidan Crilly,Imperial,Aidan Crilly,Imperial College London,90.32,High confidence
Alberto Racca,Imperial,Alberto Racca,Imperial College London,90.32,High confidence
Alexandros Polyzois,Cornell,Alexandros Polyzois,Cornell University,91.2,High confidence
Alice Malivert,Imperial,Alice Malivert,Imperial College London,90.32,High confidence
Alyssa Schubert,Michigan,Alyssa Schubert,University of Michigan,90.67,High confidence
Anastasia Visheratina,Michigan,Anastasia Visheratina,University of Michigan,90.67,High confidence
Andreas Joergensen,Imperial,Andreas Joergensen,Imperial College London,90.32,High confidence
Andreas Rauch,Michigan,Andreas Rauch,University of Michigan,90.67,High confidence
Anthony Pembere,Michigan,Anthony Pembere,University of Michigan,90.67,High confidence
Ashley Dale,Toronto,Ashley Dale,University of Toronto,90.0,High confidence
Austin Mroz,Imperial,Austin Mroz,Imperial College London,90.32,High confidence
Ben Moseley,Imperial,Ben Moseley,Imperial College London,90.32,High confidence
Benedikt Maier,Imperial,Benedikt Maier,Imperial College London,90.32,High confidence
Benjamin Decardi-Nelson,Cornell,Benjamin Decardi-Nelson,Cornell University,91.2,High confidence
Benjamin Moss,Imperial,Benjamin Moss,Imperial College London,90.32,High confidence
Biprateep Dey,Toronto,Biprateep Dey,University of Toronto,90.0,High confidence
Bu Zhao,Cornell,Bu Zhao,Cornell University,91.2,High confidence
Calum Gabbutt,Imperial,Calum Gabbutt,Imperial College London,90.32,High confidence
Carla Nathaly Villacís Núñez,Michigan,Carla Nunez,University of Michigan,90.67,High confidence
Chia-Hao Lee,Cornell,Chia-Hao Lee,Cornell University,91.2,High confidence
Chinthak Murali,Cornell,Chinthak Murali,Cornell University,91.2,High confidence
Christin Salley,Michigan,Christin Salley,University of Michigan,90.67,High confidence
Claire Heaney,Imperial,Claire Heaney,Imperial College London,90.32,High confidence
Daniel Platt,Imperial,Daniel Platt,Imperial College London,90.32,High confidence
Danyal Akarca,Imperial,Danyal Akarca,Imperial College London,90.32,High confidence
Daoye Zhu,Toronto,Daoye Zhu,University of Toronto,90.0,High confidence
David Danaci,Imperial,David Danaci,Imperial College London,90.32,High confidence
David Pellow,Toronto,David Pellow,University of Toronto,90.0,High confidence
Desalegn  Wogaso Wolla,Michigan,Desalegn Wolla,University of Michigan,90.67,High confidence
Duo Xu,Toronto,Duo Xu,University of Toronto,90.0,High confidence
Elena Shrestha,Michigan,Elena Shrestha,University of Michigan,90.67,High confidence
Eliot Miller,Cornell,Eliot Miller,Cornell University,91.2,High confidence
Elli Heyes,Imperial,Elli Heyes,Imperial College London,90.32,High confidence
Emma Wolpert,Imperial,Emma Wolpert,Imperial College London,90.32,High confidence
Eunjae Shim,Michigan,Eunjae Shim,University of Michigan,90.67,High confidence
Fan Wu,Cornell,Fan Wu,Cornell University,91.2,High confidence
Fan Zhang,Imperial,Fan Zhang,Imperial College London,90.32,High confidence
Fatema Tuz Zohora,Toronto,Fatema Zohora,University of Toronto,90.0,High confidence
Felipe Siqueira Pacheco,Cornell,Felipe Pacheco,Cornell University,91.2,High confidence
Felix Strieth-Kalthoff,Toronto,Felix Strieth-Kalthoff,University of Toronto,90.0,High confidence
Feng Tao,Cornell,Feng Tao,Cornell University,91.2,High confidence
Gemma Vera Gonzales,Imperial,Gemma Gonzales,Imperial College London,90.32,High confidence
Gerard O'Leary,Toronto,Gerard O'Leary,University of Toronto,90.0,High confidence
Guangyao Chen,Cornell,Guangyao Chen,Cornell University,91.2,High confidence
Haotian Chen,Michigan,Haotian Chen,University of Michigan,90.67,High confidence
Hyung-Sub Kim,Cornell,Hyung-Sub Kim,Cornell University,91.2,High confidence
Imanol Miqueleiz,Cornell,Imanol Miqueleiz,Cornell University,91.2,High confidence
Ishrath Mohamed Irshadeen,Toronto,Ishrath Irshadeen,University of Toronto,90.0,High confidence
Itay Griniasty,Cornell,Itay Griniasty,Cornell University,91.2,High confidence
Jacob (Jake) Berv,Michigan,Jacob Berv,University of Michigan,90.67,High confidence
James Boyko,Michigan,James Boyko,University of Michigan,90.67,High confidence
Jamila Taaki,Michigan,Jamila Taaki,University of Michigan,90.67,High confidence
Jason Kim,Cornell,Jason Kim,Cornell University,91.2,High confidence
Jennifer Li,Michigan,Jennifer Li,University of Michigan,90.67,High confidence
Jessica Leivesley,Toronto,Jessica Leivesley,University of Toronto,90.0,High confidence
Joan Onyango,Michigan,Joan Onyango,University of Michigan,90.67,High confidence
Jonathan Langford,Imperial,Jonathan Langford,Imperial College London,90.32,High confidence
Joseph Yossi Cohen,Michigan,Joseph Cohen,University of Michigan,90.67,High confidence
Joseph Osumeje,Michigan,Joseph Osumeje,University of Michigan,90.67,High confidence
Kaiser Arndt,Michigan,Kaiser Arndt,University of Michigan,90.67,High confidence
Kamal Abdulraheem,Michigan,Kamal Abdulraheem,University of Michigan,90.67,High confidence
Kasper Tolberg,Imperial,Kasper Tolberg,Imperial College London,90.32,High confidence
Kevin Champagne-Jorgensen,Toronto,Kevin Champagne-Jorgensen,University of Toronto,90.0,High confidence
Kevin Napier,Michigan,Kevin Napier,University of Michigan,90.67,High confidence
Kilian Stenning,Imperial,Kilian Stenning,Imperial College London,90.32,High confidence
Krishnanand Mallayya,Cornell,Krishnanand Mallayya,Cornell University,91.2,High confidence
Kristofer Linton-Reed,Imperial,Kristofer Linton-Reed,Imperial College London,90.32,High confidence
Kwanghwi Je,Cornell,Kwanghwi Je,Cornell University,91.2,High confidence
Laura Marie Helleckes,Imperial,Laura Helleckes,Imperial College London,90.32,High confidence
Ling-Wei Kong,Cornell,Ling-Wei Kong,Cornell University,91.2,High confidence
Lloyd Fung,Imperial,Lloyd Fung,Imperial College London,90.32,High confidence
Long-Jing Hsu,Michigan,Long-Jing Hsu,University of Michigan,90.67,High confidence
Madeline Peters,Michigan,Madeline Peters,University of Michigan,90.67,High confidence
Manolo Perez,Imperial,Manolo Perez,Imperial College London,90.32,High confidence
Marcus Ghosh,Imperial,Marcus Ghosh,Imperial College London,90.32,High confidence
Matthew Moreno,Michigan,Matthew Moreno,University of Michigan,90.67,High confidence
Matthew Thorstensen,Toronto,Matthew Thorstensen,University of Toronto,90.0,High confidence
Md Abdul Halim,Toronto,Abdul Halim,University of Toronto,90.0,High confidence
Mehdy Dousty,Toronto,Mehdy Dousty,University of Toronto,90.0,High confidence
Mikael Mieskolainen,Imperial,Mikael Mieskolainen,Imperial College London,90.32,High confidence
Mohammad Azzouzi,Imperial,Mohammad Azzouzi,Imperial College London,90.32,High confidence
Myungjoon Kim,Cornell,Myungjoon Kim,Cornell University,91.2,High confidence
Nacime Bouziani,Imperial,Nacime Bouziani,Imperial College London,90.32,High confidence
Nanta Sophonrat,Michigan,Nanta Sophonrat,University of Michigan,90.67,High confidence
Nathan Fox,Michigan,Nathan Fox,University of Michigan,90.67,High confidence
Oliver Watson,Imperial,Oliver Watson,Imperial College London,90.32,High confidence
Paige Bowling,Michigan,Paige Bowling,University of Michigan,90.67,High confidence
Paterne Gahungu,Imperial,Paterne Gahungu,Imperial College London,90.32,High confidence
Pranav Mamidanna,Imperial,Pranav Mamidanna,Imperial College London,90.32,High confidence
Ralitsa Todorova,Cornell,Ralitsa Todorova,Cornell University,91.2,High confidence
Roy Moyal,Cornell,Roy Moyal,Cornell University,91.2,High confidence
Samuel Akingbade,Michigan,Samuel Akingbade,University of Michigan,90.67,High confidence
Samuel Hillman,Imperial,Samuel Hillman,Imperial College London,90.32,High confidence
Sara Veneziale,Imperial,Sara Veneziale,Imperial College London,90.32,High confidence
Sebastian Heilpern,Cornell,Sebastian Heilpern,Cornell University,91.2,High confidence
Seth Temple,Michigan,Seth Temple,University of Michigan,90.67,High confidence
Shuangqi Li,Cornell,Shuangqi Li,Cornell University,91.2,High confidence
Soukayna Mouatadid,Toronto,Soukayna Mouatadid,University of Toronto,90.0,High confidence
Soumi Tribedi,Michigan,Soumi Tribedi,University of Michigan,90.67,High confidence
Soumita Ghosh,Toronto,Soumita Ghosh,University of Toronto,90.0,High confidence
Tianyu Wang,Cornell,Tianyu Wang,Cornell University,91.2,High confidence
Tianyuan Lu,Toronto,Tianyuan Lu,University of Toronto,90.0,High confidence
Tsige Atilaw,Michigan,Tsige Atilaw,University of Michigan,90.67,High confidence
Valence Habyarimana,Michigan,Valence Habyarimana,University of Michigan,90.67,High confidence
Verrah Otiende,Michigan,Verrah Otiende,University of Michigan,90.67,High confidence
Vikram Thapar,Cornell,Vikram Thapar,Cornell University,91.2,High confidence
Vital Fernandez,Michigan,Vital Fernandez,University of Michigan,90.67,High confidence
Wei Wei Chen,Cornell,Wei Chen,Cornell University,91.2,High confidence
Weichi Yao,Michigan,Weichi Yao,University of Michigan,90.67,High confidence
William Weaver,Michigan,William Weaver,University of Michigan,90.67,High confidence
Xiancheng Yu,Imperial,Xiancheng Yu,Imperial College London,90.32,High confidence
Xiaofeng Liu,Michigan,Xiaofeng Liu,University of Michigan,90.67,High confidence
Xin Sun,Cornell,Xin Sun,Cornell University,91.2,High confidence
Xin Wang,Cornell,Xin Wang,Cornell University,91.2,High confidence
Xin Wei,Michigan,Xin Wei,University of Michigan,90.67,High confidence
Xin Xie,Michigan,Xin Xie,University of Michigan,90.67,High confidence
Xinwei Wang,Imperial,Xinwei Wang,Imperial College London,90.32,High confidence
Xueyu Tian,Cornell,Xueyu Tian,Cornell University,91.2,High confidence
Yan Ying Tan,Michigan,Yan Tan,University of Michigan,90.67,High confidence
Yasir Latif,Cornell,Yasir Latif,Cornell University,91.2,High confidence
Yiluan Song,Michigan,Yiluan Song,University of Michigan,90.67,High confidence
Yilun Guan,Toronto,Yilun Guan,University of Toronto,90.0,High confidence
Yonas Minalu Emagnu,Michigan,Yonas Emagnu,University of Michigan,90.67,High confidence
Yu Zhou,Cornell,Yu Zhou,Cornell University,91.2,High confidence
Yue Zhou,Cornell,Yue Zhou,Cornell University,91.2,High confidence
Yueying Ni,Michigan,Yueying Ni,University of Michigan,90.67,High confidence
Yutong Wang,Michigan,Yutong Wang,University of Michigan,90.67,High confidence
Zheng Guo,Michigan,Zheng Guo,University of Michigan,90.67,High confidence
Zhenzhu Li,Imperial,Zhenzhu Li,Imperial College London,90.32,High confidence
Zherong Wu,Cornell,Zherong Wu,Cornell University,91.2,High confidence
Zhewei Liu,Toronto,Zhewei Liu,University of Toronto,90.0,High confidence
Zhichen Liu,Michigan,Zhichen Liu,University of Michigan,90.67,High confidence
Zhilong Wang,Cornell,Zhilong Wang,Cornell University,91.2,High confidence
Zhirui Liang,Michigan,Zhirui Liang,University of Michigan,90.67,High confidence
Zhongmou Chao,Cornell,Zhongmou Chao,Cornell University,91.2,High confidence
