id,Name,doi,year,researcher_id,title_preferred,abstract_preferred,for_first_level,for_second_level,l2_similarities,cos_similarities,L2_category,Cos_category,l2_rank,cos_rank,l2_rank_norm,cos_rank_norm,category_match,name_category,has_abstract
pub.1144121389,Yao Yu,10.1002/essoar.10508279.2,2021.0,ur.012443735304.38,Improved Bathymetric Prediction using Geological Information: SYNBATH,,,,10.109487,0.99802876,Medium similarity,High similarity,913.0,1165.0,0.38888888888888884,0.7797858099062919,False,,False
pub.1143323118,Yu Zhou,10.1002/essoar.10506768.1,2021.0,ur.0607065617.77,"A modified Vegetation Photosynthesis and Respiration Model (VPRM) for the eastern USA and Canada, evaluated with comparison to atmospheric observations and other biospheric models",,"[{'id': '80002', 'code': '31', 'name': 'Biological Sciences'}]","[{'id': '80041', 'code': '3108', 'name': 'Plant Biology'}]",10.863489,0.9995503,Medium similarity,High similarity,1026.0,1316.0,0.3132530120481928,0.8808567603748326,False,Biological Sciences,False
pub.1123793146,Caitlin Aamodt,10.1126/science.aba6129,2020.0,ur.012372367557.93,Making science accessible,,,,11.554433,0.9930235,Low similarity,High similarity,1130.0,865.0,0.24364123159303885,0.5789825970548862,False,,False
pub.1148232633,Benjamin Moss,10.29363/nanoge.hopv.2022.028,2022.0,ur.013160335027.48,Operando-photoluminescence spectroscopy for accessing radiative and non-radiative losses in perovskite solar cells,,"[{'id': '80005', 'code': '34', 'name': 'Chemical Sciences'}]","[{'id': '80070', 'code': '3406', 'name': 'Physical Chemistry'}]",3.303551,0.9933386,High similarity,High similarity,9.0,884.0,0.9939759036144579,0.5917001338688086,True,Chemical Sciences,False
pub.1185608799,Kristofer Linton-Reed,10.1016/j.ijgc.2024.100216,2025.0,ur.010426525447.07,Clinical Utility Of Ultrasonography In Pediatric And Adolescent Gynecology: A Retrospective Review Of 1313 Ultrasound Examinations,,"[{'id': '80003', 'code': '32', 'name': 'Biomedical and Clinical Sciences'}]","[{'id': '80058', 'code': '3215', 'name': 'Reproductive Medicine'}]",9.047504,0.95071423,Medium similarity,Low similarity,772.0,110.0,0.48326639892904955,0.07362784471218206,False,Biomedical and Clinical Sciences,False
pub.1128427037,Oliver Watson,10.1016/s0140-6736(20)31357-x,2020.0,ur.01177743716.54,Have deaths from COVID-19 in Europe plateaued due to herd immunity?,,"[{'id': '80003', 'code': '32', 'name': 'Biomedical and Clinical Sciences'}
 {'id': '80013', 'code': '42', 'name': 'Health Sciences'}]",[],12.700552,0.94330096,Low similarity,Low similarity,1249.0,66.0,0.16398929049531463,0.04417670682730924,True,Biomedical and Clinical Sciences,False
pub.1155376804,Fan Wu,10.1038/s41567-023-01973-0,2023.0,ur.014023504502.19,Author Correction: Physics of highly multimode nonlinear optical systems,,"[{'id': '80020', 'code': '49', 'name': 'Mathematical Sciences'}
 {'id': '80022', 'code': '51', 'name': 'Physical Sciences'}]",[],4.545904,0.9999503,High similarity,High similarity,243.0,1445.0,0.8373493975903614,0.9672021419009371,True,Mathematical Sciences,False
pub.1166122937,Mohammad Azzouzi,10.29363/nanoge.hopv.2023.176,2023.0,ur.012772334557.96,Field Dependent Exciton Dissociation and Charge Generation in Non-Fullerene Acceptors,,,,3.1964233,0.99386555,High similarity,High similarity,1.0,909.0,0.999330655957162,0.608433734939759,True,,False
pub.1175535212,Kristofer Linton-Reed,10.1002/uog.27748,2024.0,ur.010426525447.07,OC05.01: *Prospective validation of an end‐to‐end machine learning‐based model for the classification of adnexal masses using ultrasonography,,"[{'id': '80003', 'code': '32', 'name': 'Biomedical and Clinical Sciences'}]","[{'id': '80045', 'code': '3202', 'name': 'Clinical Sciences'}
 {'id': '80058', 'code': '3215', 'name': 'Reproductive Medicine'}]",8.99573,0.95169795,Medium similarity,Low similarity,757.0,127.0,0.49330655957161984,0.08500669344042838,False,Biomedical and Clinical Sciences,False
pub.1160719349,Anastasia Visheratina,10.1557/s43577-023-00565-w,2023.0,ur.010235552221.95,A journey from academia to innovative entrepreneurship: University of Michigan Biointerfaces Institute Innovation Fellowship,,"[{'id': '80011', 'code': '40', 'name': 'Engineering'}]","[{'id': '80124', 'code': '4016', 'name': 'Materials Engineering'}
 {'id': '80126', 'code': '4018', 'name': 'Nanotechnology'}]",5.899669,0.98749024,High similarity,Medium similarity,393.0,604.0,0.7369477911646587,0.4042838018741633,False,Engineering,False
pub.1041837384,William (Jake) Wright,10.1016/j.biopsych.2016.08.003,2016.0,ur.012257627211.69,N-Methyl-D-Aspartate Receptors: “C”ing the Culprits Behind Cocaine-Induced Metaplasticity,,"[{'id': '80002', 'code': '31', 'name': 'Biological Sciences'}
 {'id': '80003', 'code': '32', 'name': 'Biomedical and Clinical Sciences'}
 {'id': '80023', 'code': '52', 'name': 'Psychology'}]",[],8.311863,0.9817605,Medium similarity,Medium similarity,630.0,436.0,0.5783132530120482,0.2918340026773762,True,Biological Sciences,False
pub.1140038246,Chia-Hao Lee,10.1017/s1431927621007066,2021.0,ur.010170304557.01,Probing the Strain Fields of Single-Atom Defects in 2D materials with Sub-Picometer Precision,,"[{'id': '80002', 'code': '31', 'name': 'Biological Sciences'}
 {'id': '80011', 'code': '40', 'name': 'Engineering'}]","[{'id': '80034', 'code': '3101', 'name': 'Biochemistry and Cell Biology'}
 {'id': '80124', 'code': '4016', 'name': 'Materials Engineering'}]",4.084135,0.9985605,High similarity,High similarity,117.0,1213.0,0.9216867469879518,0.8119143239625167,True,Biological Sciences,False
pub.1085403125,William (Jake) Wright,10.1016/j.biopsych.2017.02.009,2017.0,ur.012257627211.69,Tipping the Scales Toward Addiction,,"[{'id': '80002', 'code': '31', 'name': 'Biological Sciences'}
 {'id': '80003', 'code': '32', 'name': 'Biomedical and Clinical Sciences'}
 {'id': '80023', 'code': '52', 'name': 'Psychology'}]",[],8.277266,0.9829154,Medium similarity,Medium similarity,620.0,461.0,0.5850066934404283,0.30856760374832665,True,Biological Sciences,False
pub.1174489266,Christin Salley,10.18260/1-2--47082,2024.0,ur.013161031353.01,Countering Passive Engagement: STS Postures and Analyzing Student Agency in Everyday Engineering,,,,11.547444,0.9929199,Low similarity,High similarity,1128.0,861.0,0.2449799196787149,0.5763052208835341,False,,False
pub.1176138620,Benjamin Lebeau,10.1016/j.jid.2024.07.037,2024.0,ur.012370035743.89,Combined Inhibition of MNK Signaling and BET Proteins Reveals TGM2 as a Novel Vulnerability in Melanoma,,"[{'id': '80003', 'code': '32', 'name': 'Biomedical and Clinical Sciences'}]","[{'id': '80045', 'code': '3202', 'name': 'Clinical Sciences'}]",8.069568,0.9669713,Medium similarity,Low similarity,569.0,216.0,0.6191432396251673,0.14457831325301204,False,Biomedical and Clinical Sciences,False
pub.1176138620,Benjamin Lebeau,10.1016/j.jid.2024.07.037,2024.0,ur.012370035743.89,Combined Inhibition of MNK Signaling and BET Proteins Reveals TGM2 as a Novel Vulnerability in Melanoma,,"[{'id': '80003', 'code': '32', 'name': 'Biomedical and Clinical Sciences'}]","[{'id': '80045', 'code': '3202', 'name': 'Clinical Sciences'}]",8.061965,0.96732557,Medium similarity,Low similarity,568.0,224.0,0.6198125836680053,0.1499330655957162,False,Biomedical and Clinical Sciences,False
pub.1185499619,Andreas Rauch,10.2514/6.2025-1467,2025.0,ur.011072754602.75,Accelerating CFD Simulations With Super-Resolution Feedback-Informed Adaptive Mesh Refinement,,,,8.92293,0.9965631,Medium similarity,High similarity,746.0,1026.0,0.500669344042838,0.6867469879518072,False,,False
pub.1145604319,Felipe Siqueira Pacheco,10.1038/s43016-022-00475-1,2022.0,ur.012044451635.21,Publisher Correction: Establishing long-term nitrogen response of global cereals to assess sustainable fertilizer rates,,"[{'id': '80001', 'code': '30', 'name': 'Agricultural, Veterinary and Food Sciences'}]","[{'id': '80027', 'code': '3004', 'name': 'Crop and Pasture Production'}]",10.811443,0.9999998,Medium similarity,High similarity,1009.0,1493.0,0.32463186077643913,0.999330655957162,False,"Agricultural, Veterinary and Food Sciences",False
pub.1145985520,Eliot Miller,10.1073/pnas.2113862119,2022.0,ur.01041670521.85,Extreme uncertainty and unquantifiable bias do not inform population sizes,,,,12.200073,0.94185144,Low similarity,Low similarity,1161.0,54.0,0.22289156626506024,0.03614457831325301,True,,False
pub.1167644025,Feng Tao,10.1111/gcb.17132,2024.0,ur.013170275447.19,Inorganic and organic synergies in enhanced weathering to promote carbon dioxide removal,,"[{'id': '80002', 'code': '31', 'name': 'Biological Sciences'}
 {'id': '80008', 'code': '37', 'name': 'Earth Sciences'}
 {'id': '80012', 'code': '41', 'name': 'Environmental Sciences'}]",[],9.709102,0.9988309,Medium similarity,High similarity,867.0,1233.0,0.41967871485943775,0.8253012048192772,False,Biological Sciences,False
pub.1173942073,Yuheng Li,10.1038/s41467-024-50241-z,2024.0,ur.07741375125.30,Author Correction: Alkali cation-induced cathodic corrosion in Cu electrocatalysts,,,,4.226462,0.9872993,High similarity,Medium similarity,162.0,596.0,0.891566265060241,0.3989290495314592,False,,False
pub.1086107794,William (Jake) Wright,10.1038/npp.2017.127,2017.0,ur.012257627211.69,Intrinsic Excitability of Cocaine-Associated Memories,,"[{'id': '80003', 'code': '32', 'name': 'Biomedical and Clinical Sciences'}
 {'id': '80023', 'code': '52', 'name': 'Psychology'}]","[{'id': '80052', 'code': '3209', 'name': 'Neurosciences'}
 {'id': '80232', 'code': '5202', 'name': 'Biological Psychology'}]",8.302648,0.9827008,Medium similarity,Medium similarity,626.0,457.0,0.5809906291834003,0.30589022757697454,True,Biomedical and Clinical Sciences,False
pub.1113294290,Oliver Watson,10.1007/978-1-4614-8757-9_79-1,2018.0,ur.01177743716.54,"Predictive Malaria Epidemiology, Models of Malaria Transmission and Elimination",,,,13.827126,0.880975,Low similarity,Low similarity,1356.0,24.0,0.09236947791164662,0.01606425702811245,True,,False
pub.1091467388,Roy Moyal,10.1167/17.10.149,2017.0,ur.013142761250.80,Dissociating the Effects of Relevance and Predictability on Visual Detection Sensitivity,,"[{'id': '80003', 'code': '32', 'name': 'Biomedical and Clinical Sciences'}]","[{'id': '80055', 'code': '3212', 'name': 'Ophthalmology and Optometry'}]",8.3385725,0.9882068,Medium similarity,Medium similarity,640.0,658.0,0.571619812583668,0.4404283801874163,True,Biomedical and Clinical Sciences,False
pub.1054930144,Xu Chen,10.1017/s1431927616001859,2016.0,ur.015571702420.92,Application of Ionic Liquid on Biological Samples in Correlative Optical Microscopy and Scanning Electron Microscopy.,,"[{'id': '80002', 'code': '31', 'name': 'Biological Sciences'}
 {'id': '80011', 'code': '40', 'name': 'Engineering'}]","[{'id': '80034', 'code': '3101', 'name': 'Biochemistry and Cell Biology'}
 {'id': '80124', 'code': '4016', 'name': 'Materials Engineering'}]",6.1415343,0.98877084,Medium similarity,Medium similarity,409.0,700.0,0.7262382864792503,0.4685408299866131,True,Biological Sciences,False
pub.1164608416,Kristofer Linton-Reed,10.1002/uog.26340,2023.0,ur.010426525447.07,"OC03.05: Ovarian masses found at ultrasonography assessment of the pelvis in children, adolescents and young adults: a review of 1,429 cases",,"[{'id': '80003', 'code': '32', 'name': 'Biomedical and Clinical Sciences'}]","[{'id': '80056', 'code': '3213', 'name': 'Paediatrics'}
 {'id': '80058', 'code': '3215', 'name': 'Reproductive Medicine'}]",9.0288315,0.95106804,Medium similarity,Low similarity,768.0,116.0,0.48594377510040165,0.07764390896921017,False,Biomedical and Clinical Sciences,False
pub.1174044996,Christian Harding,10.1513/annalsats.202312-1050rl,2024.0,ur.07643273723.65,Endotypic Trait Differences in Class 2/3 Obese Patients with and without Obstructive Sleep Apnea: A Preliminary Analysis of Preoperative Bariatric Surgery Patients.,,"[{'id': '80003', 'code': '32', 'name': 'Biomedical and Clinical Sciences'}]","[{'id': '80044', 'code': '3201', 'name': 'Cardiovascular Medicine and Haematology'}
 {'id': '80051', 'code': '3208', 'name': 'Medical Physiology'}]",4.2996883,0.98891795,High similarity,Medium similarity,197.0,716.0,0.8681392235609103,0.47925033467202144,False,Biomedical and Clinical Sciences,False
pub.1130244178,Oliver Watson,10.1093/jtm/taaa135,2020.0,ur.01177743716.54,"SARS-CoV-2 infection prevalence on repatriation flights from Wuhan City, China",,"[{'id': '80003', 'code': '32', 'name': 'Biomedical and Clinical Sciences'}
 {'id': '80013', 'code': '42', 'name': 'Health Sciences'}]","[{'id': '80045', 'code': '3202', 'name': 'Clinical Sciences'}
 {'id': '80137', 'code': '4202', 'name': 'Epidemiology'}]",12.4425745,0.9429891,Low similarity,Low similarity,1204.0,62.0,0.1941097724230254,0.041499330655957165,True,Biomedical and Clinical Sciences,False
pub.1023780856,Elena Shrestha,10.2514/6.2015-1685,2015.0,ur.014225312423.13,An Empirical Model of Rotorcrafy UAV Downwash for Disturbance Localization and Avoidance,,,,9.031773,0.9987935,Medium similarity,High similarity,770.0,1230.0,0.4846050870147256,0.8232931726907631,False,,False
pub.1168664821,Feng Tao,10.1093/nsr/nwae058,2024.0,ur.013170275447.19,Reply to “Beyond microbial carbon use efficiency”,,,,10.185633,0.99985266,Medium similarity,High similarity,922.0,1404.0,0.3828647925033467,0.9397590361445783,False,,False
pub.1166541129,Xin Wang,10.1021/bk-2023-1457.ch013,2023.0,ur.014041070502.57,Colloid and Interface Science of Liquid Crystals,,,,6.0025992,0.9893235,Medium similarity,Medium similarity,399.0,732.0,0.7329317269076305,0.4899598393574297,True,,False
pub.1187516350,Jiahe Cui,10.1167/jov.25.5.26,2025.0,ur.015165565760.82,Poster Session: Characteristic differences in eye movements in people with Parkinson’s disease,,"[{'id': '80003', 'code': '32', 'name': 'Biomedical and Clinical Sciences'}]","[{'id': '80055', 'code': '3212', 'name': 'Ophthalmology and Optometry'}]",7.932502,0.99008346,Medium similarity,High similarity,555.0,755.0,0.6285140562248996,0.5053547523427041,False,Biomedical and Clinical Sciences,False
pub.1156145237,Yang Long,10.3389/fphy.2023.1177898,2023.0,ur.013603375573.23,Editorial: Non-hermitian and topological photonics,,"[{'id': '80020', 'code': '49', 'name': 'Mathematical Sciences'}
 {'id': '80022', 'code': '51', 'name': 'Physical Sciences'}]",[],4.2327957,0.99983,High similarity,High similarity,166.0,1396.0,0.8888888888888888,0.9344042838018741,True,Mathematical Sciences,False
pub.1103181607,Oliver Watson,10.1007/978-1-4614-8757-9_146-1,2018.0,ur.01177743716.54,"Predictive Malaria Epidemiology, Models of Malaria Control Interventions and Elimination",,,,13.780053,0.88316894,Low similarity,Low similarity,1353.0,27.0,0.0943775100401606,0.018072289156626505,True,,False
pub.1021253032,Elena Shrestha,10.2514/6.2013-121,2013.0,ur.014225312423.13,Autonomous Hover Capability of Cycloidal-Rotor Micro Air Vehicle,,,,13.01744,0.9983817,Low similarity,High similarity,1286.0,1195.0,0.13922356091030785,0.7998661311914324,False,,False
pub.1188311199,Aditya Nandy,10.1016/j.jcat.2025.116174,2025.0,ur.01073126743.71,From pages to patterns: Towards extracting catalytic knowledge from structure and text for transition-metal complexes and metal-organic frameworks,,"[{'id': '80005', 'code': '34', 'name': 'Chemical Sciences'}]","[{'id': '80066', 'code': '3402', 'name': 'Inorganic Chemistry'}]",4.691432,0.99400055,High similarity,High similarity,256.0,916.0,0.8286479250334672,0.6131191432396251,True,Chemical Sciences,False
pub.1149678700,Chia-Hao Lee,10.1017/s1431927622011424,2022.0,ur.010170304557.01,Automated Acquisition and Deep Learning of 2D Materials on the Million-Atom Scale,,"[{'id': '80002', 'code': '31', 'name': 'Biological Sciences'}
 {'id': '80011', 'code': '40', 'name': 'Engineering'}]","[{'id': '80034', 'code': '3101', 'name': 'Biochemistry and Cell Biology'}
 {'id': '80124', 'code': '4016', 'name': 'Materials Engineering'}]",5.1916804,0.98702323,High similarity,Medium similarity,301.0,582.0,0.7985274431057563,0.3895582329317269,False,Biological Sciences,False
pub.1141916295,Yao Yu,10.1002/essoar.10508279.1,2021.0,ur.012443735304.38,Improved Bathymetric Prediction using Geological Information: SYNBATH,,,,10.059024,0.9978789,Medium similarity,High similarity,906.0,1146.0,0.39357429718875503,0.7670682730923695,False,,False
pub.1155838259,Xin Sun,10.1002/ctm2.1212,2023.0,ur.012057511236.49,Integrated analysis toolkit for dissecting whole‐genome‐wide features of cell‐free DNA,,"[{'id': '80013', 'code': '42', 'name': 'Health Sciences'}]","[{'id': '80140', 'code': '4205', 'name': 'Nursing'}]",7.9109178,0.97161806,Medium similarity,Medium similarity,552.0,296.0,0.6305220883534137,0.19812583668005354,True,Health Sciences,False
pub.1185155739,Fuying Dao,10.1016/j.ymeth.2025.01.018,2025.0,ur.015272457033.00,Advances in machine learning for epigenetics and biomedical applications,,"[{'id': '80002', 'code': '31', 'name': 'Biological Sciences'}]","[{'id': '80034', 'code': '3101', 'name': 'Biochemistry and Cell Biology'}]",8.226398,0.967998,Medium similarity,Low similarity,610.0,233.0,0.5917001338688086,0.15595716198125836,False,Biological Sciences,False
pub.1168386189,Andreas Rauch,10.2514/6.2024-2596,2024.0,ur.011072754602.75,High-fidelity Computational Study of High-speed Reacting Jets in Crossflow,,,,9.010372,0.9976401,Medium similarity,High similarity,758.0,1119.0,0.4926372155287818,0.748995983935743,False,,False
pub.1133651859,Yu Zhou,10.1002/essoar.10505330.1,2020.0,ur.0607065617.77,Joint CO2 Mole Fraction and Flux Analysis Confirms Missing Processes in CASA Terrestrial Carbon Uptake over North America,,"[{'id': '80002', 'code': '31', 'name': 'Biological Sciences'}
 {'id': '80008', 'code': '37', 'name': 'Earth Sciences'}]","[{'id': '80094', 'code': '3705', 'name': 'Geology'}]",10.725005,0.9995436,Medium similarity,High similarity,984.0,1311.0,0.3413654618473896,0.8775100401606426,False,Biological Sciences,False
pub.1182922623,Kyle Crocker,10.1038/s41564-024-01899-0,2024.0,ur.010367334323.46,Author Correction: Environmentally dependent interactions shape patterns in gene content across natural microbiomes,,"[{'id': '80002', 'code': '31', 'name': 'Biological Sciences'}]","[{'id': '80036', 'code': '3103', 'name': 'Ecology'}]",10.318605,0.9997959,Medium similarity,High similarity,934.0,1387.0,0.3748326639892905,0.928380187416332,False,Biological Sciences,False
pub.1175535199,Kristofer Linton-Reed,10.1002/uog.27828,2024.0,ur.010426525447.07,OC15.07: Application of machine learning methods to predict the success of expectant or medical management of miscarriage,,"[{'id': '80003', 'code': '32', 'name': 'Biomedical and Clinical Sciences'}]","[{'id': '80045', 'code': '3202', 'name': 'Clinical Sciences'}
 {'id': '80058', 'code': '3215', 'name': 'Reproductive Medicine'}]",8.985797,0.9519942,Medium similarity,Low similarity,755.0,130.0,0.4946452476572959,0.08701472556894244,False,Biomedical and Clinical Sciences,False
pub.1185499433,Andreas Rauch,10.2514/6.2025-1281,2025.0,ur.011072754602.75,Super-Resolution Models for Turbulence Fine-Scale Reconstruction and Their Robustness to Noise,,,,9.575278,0.99571836,Medium similarity,High similarity,835.0,977.0,0.4410977242302544,0.6539491298527443,False,,False
pub.1132153003,Oliver Watson,10.1016/s0140-6736(20)32212-1,2020.0,ur.01177743716.54,Host or pathogen-related factors in COVID-19 severity? – Authors' reply,,"[{'id': '80003', 'code': '32', 'name': 'Biomedical and Clinical Sciences'}
 {'id': '80013', 'code': '42', 'name': 'Health Sciences'}]",[],7.3769865,0.9783366,Medium similarity,Medium similarity,499.0,401.0,0.6659973226238287,0.2684069611780455,True,Biomedical and Clinical Sciences,False
pub.1185529389,Aditya Nandy,10.1016/j.bpj.2024.11.1032,2025.0,ur.013522235551.07,BPS2025 - Collective effects of prestin in high frequency amplification by outer hair cells,,"[{'id': '80002', 'code': '31', 'name': 'Biological Sciences'}
 {'id': '80005', 'code': '34', 'name': 'Chemical Sciences'}
 {'id': '80022', 'code': '51', 'name': 'Physical Sciences'}]",[],7.382843,0.9908787,Medium similarity,High similarity,500.0,777.0,0.6653279785809907,0.5200803212851406,False,Biological Sciences,False
pub.1164681370,Fan Wu,10.1038/s42005-023-01400-z,2023.0,ur.014023504502.19,Author Correction: Entropic thermodynamics of nonlinear photonic chain networks,,"[{'id': '80011', 'code': '40', 'name': 'Engineering'}
 {'id': '80020', 'code': '49', 'name': 'Mathematical Sciences'}
 {'id': '80022', 'code': '51', 'name': 'Physical Sciences'}]",[],4.487052,0.9999958,High similarity,High similarity,226.0,1482.0,0.8487282463186078,0.9919678714859438,True,Engineering,False
pub.1175530686,Kristofer Linton-Reed,10.1002/uog.27822,2024.0,ur.010426525447.07,OC15.01: Radiomics analysis of early pregnancy ultrasound images to predict viability at the end of first trimester,,"[{'id': '80003', 'code': '32', 'name': 'Biomedical and Clinical Sciences'}]","[{'id': '80058', 'code': '3215', 'name': 'Reproductive Medicine'}]",9.027178,0.95121616,Medium similarity,Low similarity,767.0,119.0,0.48661311914323957,0.07965194109772424,False,Biomedical and Clinical Sciences,False
pub.1170514593,Xin Sun,10.1016/j.scib.2024.04.013,2024.0,ur.012057511236.49,Uncovering chromatin accessibility and cancer diagnostic potential via cell-free DNA utilization,,,,8.0447235,0.96959984,Medium similarity,Low similarity,564.0,261.0,0.6224899598393574,0.1746987951807229,False,,False
pub.1149676978,Chia-Hao Lee,10.1017/s1431927622006882,2022.0,ur.010170304557.01,In-situ Imaging of Thermally Activated Atomic Reconstruction of Twisted Bilayer Transition Metal Dichalcogenides,,"[{'id': '80002', 'code': '31', 'name': 'Biological Sciences'}
 {'id': '80011', 'code': '40', 'name': 'Engineering'}]","[{'id': '80034', 'code': '3101', 'name': 'Biochemistry and Cell Biology'}
 {'id': '80124', 'code': '4016', 'name': 'Materials Engineering'}]",3.9462469,0.99861956,High similarity,High similarity,95.0,1218.0,0.9364123159303882,0.8152610441767069,True,Biological Sciences,False
pub.1187516371,Jiahe Cui,10.1167/jov.25.5.5,2025.0,ur.015165565760.82,Contributed Talks I: Detecting and characterising microsaccades from AOSLO images of the photoreceptor mosaic using computer vision,,"[{'id': '80003', 'code': '32', 'name': 'Biomedical and Clinical Sciences'}]","[{'id': '80055', 'code': '3212', 'name': 'Ophthalmology and Optometry'}]",8.141948,0.9893104,Medium similarity,Medium similarity,581.0,730.0,0.6111111111111112,0.4886211512717537,True,Biomedical and Clinical Sciences,False
pub.1134558620,Yu Zhou,10.1002/essoar.10505692.1,2021.0,ur.013620022547.35,"Atmospheric Carbon and Transport – America (ACT-America) Datasets: Description, Management, and Delivery",,,,10.881798,0.99953294,Medium similarity,High similarity,1031.0,1307.0,0.30990629183400265,0.8748326639892905,False,,False
pub.1084677083,Tianyu Wang,10.1117/12.2251220,2017.0,ur.016463733633.62,In vivo three-photon activity imaging of GCaMP6-labeled neurons in deep cortex and the hippocampus of the mouse brain,,"[{'id': '80022', 'code': '51', 'name': 'Physical Sciences'}]","[{'id': '80221', 'code': '5102', 'name': 'Atomic, Molecular and Optical Physics'}]",7.172202,0.98849654,Medium similarity,Medium similarity,475.0,678.0,0.6820615796519411,0.4538152610441767,True,Physical Sciences,False
pub.1175648290,Richard Creswell,10.1371/journal.pcbi.1012410,2024.0,ur.012573251524.12,Ten simple rules for training scientists to make better software,,,,12.915491,0.994413,Low similarity,High similarity,1271.0,927.0,0.14926372155287815,0.6204819277108434,False,,False
pub.1175648290,Richard Creswell,10.1371/journal.pcbi.1012410,2024.0,ur.012573251524.12,Ten simple rules for training scientists to make better software,,,,12.922116,0.99418145,Low similarity,High similarity,1272.0,924.0,0.14859437751004012,0.6184738955823293,False,,False
pub.1142027233,Neeraj Lal,10.1038/s41467-021-26441-2,2021.0,ur.013144441031.82,Author Correction: TurboID-based proximity labeling reveals that UBR7 is a regulator of N NLR immune receptor-mediated immunity,,"[{'id': '80003', 'code': '32', 'name': 'Biomedical and Clinical Sciences'}]","[{'id': '80047', 'code': '3204', 'name': 'Immunology'}]",7.8382745,0.9743062,Medium similarity,Medium similarity,548.0,340.0,0.6331994645247657,0.22757697456492637,True,Biomedical and Clinical Sciences,False
pub.1015589039,Manolo Perez,10.1007/s10709-013-9724-7,2013.0,ur.0731524502.48,Erratum to: Cross-species amplification of microsatellites reveals incongruence in the molecular variation and taxonomic limits of the Pilosocereus aurisetus group (Cactaceae),,"[{'id': '80002', 'code': '31', 'name': 'Biological Sciences'}]","[{'id': '80036', 'code': '3103', 'name': 'Ecology'}
 {'id': '80038', 'code': '3105', 'name': 'Genetics'}]",13.536998,0.99998516,Low similarity,High similarity,1345.0,1468.0,0.09973226238286481,0.9825970548862115,False,Biological Sciences,False
pub.1183498593,Roy Moyal,10.1038/s42256-024-00951-2,2024.0,ur.013142761250.80,Reply to: Limitations in odour recognition and generalization in a neuromorphic olfactory circuit,,"[{'id': '80011', 'code': '40', 'name': 'Engineering'}
 {'id': '80017', 'code': '46', 'name': 'Information and Computing Sciences'}]",[],13.115558,0.9950681,Low similarity,High similarity,1313.0,942.0,0.12115127175368134,0.6305220883534136,False,Engineering,False
pub.1183498593,Roy Moyal,10.1038/s42256-024-00951-2,2024.0,ur.013142761250.80,Reply to: Limitations in odour recognition and generalization in a neuromorphic olfactory circuit,,"[{'id': '80011', 'code': '40', 'name': 'Engineering'}
 {'id': '80017', 'code': '46', 'name': 'Information and Computing Sciences'}]",[],13.110472,0.99533623,Low similarity,High similarity,1311.0,955.0,0.1224899598393574,0.6392235609103079,False,Engineering,False
pub.1172688976,David Danaci,10.1007/s10450-024-00494-3,2024.0,ur.010525253715.38,Towards carbon neutral scientific societies: a case study with the International Adsorption Society,,"[{'id': '80011', 'code': '40', 'name': 'Engineering'}]","[{'id': '80112', 'code': '4004', 'name': 'Chemical Engineering'}]",8.979173,0.9976237,Medium similarity,High similarity,754.0,1116.0,0.4953145917001339,0.7469879518072289,False,Engineering,False
pub.1171099485,Eliot Miller,10.1016/j.ygcen.2024.114518,2024.0,ur.01041670521.85,Corrigendum to “Does variation in glucocorticoid concentrations predict fitness? A phylogenetic meta-analysis” [Gen. Comp. Endocrinol. 300 (2021) 113611],,"[{'id': '80002', 'code': '31', 'name': 'Biological Sciences'}]","[{'id': '80037', 'code': '3104', 'name': 'Evolutionary Biology'}]",12.932827,0.99600935,Low similarity,High similarity,1273.0,994.0,0.1479250334672021,0.6653279785809906,False,Biological Sciences,False
pub.1174583708,Oliver Watson,10.1016/s2213-2600(24)00214-5,2024.0,ur.01177743716.54,Impact of COVID-19 vaccination programmes in Europe: lives saved and lessons learned,,"[{'id': '80003', 'code': '32', 'name': 'Biomedical and Clinical Sciences'}]","[{'id': '80044', 'code': '3201', 'name': 'Cardiovascular Medicine and Haematology'}
 {'id': '80045', 'code': '3202', 'name': 'Clinical Sciences'}]",12.75759,0.9409583,Low similarity,Low similarity,1254.0,45.0,0.1606425702811245,0.030120481927710843,True,Biomedical and Clinical Sciences,False
pub.1174583708,Oliver Watson,10.1016/s2213-2600(24)00214-5,2024.0,ur.01177743716.54,Impact of COVID-19 vaccination programmes in Europe: lives saved and lessons learned,,"[{'id': '80003', 'code': '32', 'name': 'Biomedical and Clinical Sciences'}]","[{'id': '80044', 'code': '3201', 'name': 'Cardiovascular Medicine and Haematology'}
 {'id': '80045', 'code': '3202', 'name': 'Clinical Sciences'}]",12.786842,0.94055355,Low similarity,Low similarity,1256.0,40.0,0.15930388219544844,0.02677376171352075,True,Biomedical and Clinical Sciences,False
pub.1168722455,Stephanie Khuu,10.1016/j.bpj.2023.11.1731,2024.0,ur.013032741416.31,Multicell modeling of the skeletal muscle microenvironment to explore age-related changes in satellite cell dynamics,,"[{'id': '80002', 'code': '31', 'name': 'Biological Sciences'}
 {'id': '80005', 'code': '34', 'name': 'Chemical Sciences'}
 {'id': '80022', 'code': '51', 'name': 'Physical Sciences'}]",[],8.37987,0.9719231,Medium similarity,Medium similarity,645.0,301.0,0.5682730923694779,0.20147255689424365,True,Biological Sciences,False
pub.1085056259,Tianyu Wang,10.1117/12.2256182,2017.0,ur.016463733633.62,Third harmonic generation imaging of intact human cerebral organoids to assess key components of early neurogenesis in Rett Syndrome (Conference Presentation),,"[{'id': '80011', 'code': '40', 'name': 'Engineering'}
 {'id': '80022', 'code': '51', 'name': 'Physical Sciences'}]","[{'id': '80114', 'code': '4006', 'name': 'Communications Engineering'}
 {'id': '80117', 'code': '4009', 'name': 'Electronics, Sensors and Digital Hardware'}
 {'id': '80221', 'code': '5102', 'name': 'Atomic, Molecular and Optical Physics'}]",7.564086,0.98560274,Medium similarity,Medium similarity,524.0,537.0,0.6492637215528783,0.35943775100401604,True,Engineering,False
pub.1174103809,Chia-Hao Lee,10.1093/mam/ozae044.911,2024.0,ur.010170304557.01,Electron Ptychography for Deep Sub-angstrom Resolution Without an Aberration Corrector,,"[{'id': '80002', 'code': '31', 'name': 'Biological Sciences'}
 {'id': '80011', 'code': '40', 'name': 'Engineering'}]","[{'id': '80034', 'code': '3101', 'name': 'Biochemistry and Cell Biology'}
 {'id': '80124', 'code': '4016', 'name': 'Materials Engineering'}]",4.356049,0.997895,High similarity,High similarity,207.0,1149.0,0.8614457831325302,0.7690763052208835,True,Biological Sciences,False
pub.1164608754,Kristofer Linton-Reed,10.1002/uog.26342,2023.0,ur.010426525447.07,OC03.08: Automated segmentation and radiomics based classification of adnexal masses on ultrasound,,"[{'id': '80003', 'code': '32', 'name': 'Biomedical and Clinical Sciences'}]","[{'id': '80045', 'code': '3202', 'name': 'Clinical Sciences'}
 {'id': '80058', 'code': '3215', 'name': 'Reproductive Medicine'}]",9.030617,0.95116687,Medium similarity,Low similarity,769.0,117.0,0.4852744310575636,0.0783132530120482,False,Biomedical and Clinical Sciences,False
pub.1166146599,Felipe Siqueira Pacheco,10.1038/s43016-023-00900-z,2023.0,ur.012044451635.21,Author Correction: Establishing long-term nitrogen response of global cereals to assess sustainable fertilizer rates,,"[{'id': '80001', 'code': '30', 'name': 'Agricultural, Veterinary and Food Sciences'}]","[{'id': '80027', 'code': '3004', 'name': 'Crop and Pasture Production'}]",10.807451,0.99999917,Medium similarity,High similarity,1007.0,1490.0,0.3259705488621151,0.9973226238286479,False,"Agricultural, Veterinary and Food Sciences",False
pub.1149683776,Chia-Hao Lee,10.1017/s1431927622008911,2022.0,ur.010170304557.01,In-situ Imaging of Anisotropic Layer-by-layer Phase Transition in Few-layer MoTe2,,"[{'id': '80002', 'code': '31', 'name': 'Biological Sciences'}
 {'id': '80011', 'code': '40', 'name': 'Engineering'}]","[{'id': '80034', 'code': '3101', 'name': 'Biochemistry and Cell Biology'}
 {'id': '80124', 'code': '4016', 'name': 'Materials Engineering'}]",3.8697705,0.9990252,High similarity,High similarity,83.0,1248.0,0.9444444444444444,0.8353413654618473,True,Biological Sciences,False
pub.1156551072,Benjamin Moss,10.29363/nanoge.matsus.2023.131,2023.0,ur.013160335027.48,Cooperative effects drive water oxidation catalysis in cobalt electrocatalysts through the destabilisation of intermediates.,,"[{'id': '80011', 'code': '40', 'name': 'Engineering'}]","[{'id': '80124', 'code': '4016', 'name': 'Materials Engineering'}]",4.193008,0.9876579,High similarity,Medium similarity,145.0,615.0,0.9029451137884873,0.41164658634538154,False,Engineering,False
pub.1156551072,Benjamin Moss,10.29363/nanoge.matsus.2023.131,2023.0,ur.013160335027.48,Cooperative effects drive water oxidation catalysis in cobalt electrocatalysts through the destabilisation of intermediates.,,"[{'id': '80011', 'code': '40', 'name': 'Engineering'}]","[{'id': '80124', 'code': '4016', 'name': 'Materials Engineering'}]",4.1384554,0.9880017,High similarity,Medium similarity,132.0,642.0,0.9116465863453815,0.42971887550200805,False,Engineering,False
pub.1129794012,Chia-Hao Lee,10.1017/s1431927620013112,2020.0,ur.010170304557.01,Detecting Vacancy-Induced Strain Field Oscillations via Deep Learning,,"[{'id': '80002', 'code': '31', 'name': 'Biological Sciences'}
 {'id': '80011', 'code': '40', 'name': 'Engineering'}]","[{'id': '80034', 'code': '3101', 'name': 'Biochemistry and Cell Biology'}
 {'id': '80124', 'code': '4016', 'name': 'Materials Engineering'}]",4.0572143,0.99901557,High similarity,High similarity,115.0,1245.0,0.9230254350736279,0.8333333333333334,True,Biological Sciences,False
pub.1162269410,Ludwig Schneider,10.1021/acs.macromol.3c01318,2023.0,ur.014124110315.38,Correction to “Side Chain Dipole Orientation and Its Effect on Microphase Separation: Experiment and Simulation via Structural Isomer Variation”,,"[{'id': '80005', 'code': '34', 'name': 'Chemical Sciences'}]","[{'id': '80070', 'code': '3406', 'name': 'Physical Chemistry'}]",5.734283,0.9894382,High similarity,Medium similarity,359.0,736.0,0.7597054886211513,0.4926372155287818,False,Chemical Sciences,False
pub.1156551082,Benjamin Moss,10.29363/nanoge.matsus.2023.143,2023.0,ur.013160335027.48,Understanding what controls the reaction rate of water oxidation on Iridium oxides,,,,4.2710376,0.9866145,High similarity,Medium similarity,183.0,563.0,0.8775100401606426,0.3768406961178046,False,,False
pub.1156551082,Benjamin Moss,10.29363/nanoge.matsus.2023.143,2023.0,ur.013160335027.48,Understanding what controls the reaction rate of water oxidation on Iridium oxides,,,,4.245781,0.98674953,High similarity,Medium similarity,171.0,569.0,0.8855421686746988,0.3808567603748327,False,,False
pub.1112229361,Yiluan Song,10.1073/pnas.1900797116,2019.0,ur.013372551717.34,Forest age improves understanding of the global carbon sink,,,,11.063987,0.99967325,Medium similarity,High similarity,1053.0,1357.0,0.29518072289156627,0.9082998661311914,False,,False
pub.1149677810,Chia-Hao Lee,10.1017/s1431927622007826,2022.0,ur.010170304557.01,Tuning the Optical Properties of 2D Materials with Defects and Strain,,"[{'id': '80002', 'code': '31', 'name': 'Biological Sciences'}
 {'id': '80011', 'code': '40', 'name': 'Engineering'}]","[{'id': '80034', 'code': '3101', 'name': 'Biochemistry and Cell Biology'}
 {'id': '80124', 'code': '4016', 'name': 'Materials Engineering'}]",4.2428136,0.9988477,High similarity,High similarity,169.0,1235.0,0.8868808567603749,0.8266398929049531,True,Biological Sciences,False
pub.1146429317,Yao Yu,10.1002/essoar.10510882.1,2022.0,ur.012443735304.38,Global Distribution and Morphology of Small Seamounts,,,,10.198357,0.9979969,Medium similarity,High similarity,923.0,1161.0,0.3821954484605087,0.7771084337349398,False,,False
pub.1167117766,Jiahe Cui,10.1167/jov.23.15.42,2023.0,ur.015165565760.82,Poster Session I: Vernier thresholds of a Poisson-noise-limited computational observer with and without fixational eye movements,,"[{'id': '80003', 'code': '32', 'name': 'Biomedical and Clinical Sciences'}]","[{'id': '80055', 'code': '3212', 'name': 'Ophthalmology and Optometry'}]",8.218059,0.9888545,Medium similarity,Medium similarity,607.0,712.0,0.5937081659973227,0.47657295850066933,True,Biomedical and Clinical Sciences,False
pub.1083548804,Martin Falk,10.1016/j.bpj.2016.11.2025,2017.0,ur.016034354771.56,Polymer Models Integrate Inverted Nuclear Geometry with Conventional HI-C Compartmentalization,,"[{'id': '80002', 'code': '31', 'name': 'Biological Sciences'}
 {'id': '80005', 'code': '34', 'name': 'Chemical Sciences'}
 {'id': '80022', 'code': '51', 'name': 'Physical Sciences'}]",[],7.5520635,0.9773855,Medium similarity,Medium similarity,522.0,388.0,0.6506024096385542,0.2597054886211513,True,Biological Sciences,False
pub.1041357362,Elena Shrestha,10.2514/6.2016-0141,2016.0,ur.014225312423.13,Design and Fabrication of a Meso-scale Aircraft using a Cycloidal Rotor Propulsion System,,,,8.959174,0.9987619,Medium similarity,High similarity,750.0,1227.0,0.4979919678714859,0.821285140562249,False,,False
pub.1185520191,Aditya Nandy,10.1016/j.bpj.2024.11.1700,2025.0,ur.013522235551.07,BPS2025 - Collective effects of prestin in high frequency amplification by outer hair cells,,"[{'id': '80002', 'code': '31', 'name': 'Biological Sciences'}
 {'id': '80005', 'code': '34', 'name': 'Chemical Sciences'}
 {'id': '80022', 'code': '51', 'name': 'Physical Sciences'}]",[],7.36334,0.9909339,Medium similarity,High similarity,497.0,781.0,0.6673360107095048,0.5227576974564926,False,Biological Sciences,False
pub.1140043474,Chia-Hao Lee,10.1017/s1431927621003482,2021.0,ur.010170304557.01,Deep Learning Enabled Atom-by-Atom Analysis of 2D materials on the Million-Atom Scale,,"[{'id': '80002', 'code': '31', 'name': 'Biological Sciences'}
 {'id': '80011', 'code': '40', 'name': 'Engineering'}]","[{'id': '80034', 'code': '3101', 'name': 'Biochemistry and Cell Biology'}
 {'id': '80124', 'code': '4016', 'name': 'Materials Engineering'}]",4.58485,0.99445915,High similarity,High similarity,246.0,928.0,0.8353413654618473,0.6211512717536813,True,Biological Sciences,False
pub.1168386186,Andreas Rauch,10.2514/6.2024-2593,2024.0,ur.011072754602.75,High-Fidelity Numerical Simulations of a Scramjet Flowpath,,,,8.912995,0.99792033,Medium similarity,High similarity,745.0,1153.0,0.501338688085676,0.7717536813922357,False,,False
pub.1168721647,Stephanie Khuu,10.1016/j.bpj.2023.11.845,2024.0,ur.013032741416.31,Assessing thin filament lengths in young healthy human skeletal muscle—a role for fiber type?,,"[{'id': '80002', 'code': '31', 'name': 'Biological Sciences'}
 {'id': '80005', 'code': '34', 'name': 'Chemical Sciences'}
 {'id': '80022', 'code': '51', 'name': 'Physical Sciences'}]",[],8.513075,0.9709289,Medium similarity,Medium similarity,664.0,275.0,0.5555555555555556,0.18406961178045517,True,Biological Sciences,False
pub.1164610933,Kristofer Linton-Reed,10.1002/uog.26578,2023.0,ur.010426525447.07,"OP18.01: Transabdominal and transvaginal ultrasonography assessment of the female pelvis in children, adolescents and young adults",,"[{'id': '80003', 'code': '32', 'name': 'Biomedical and Clinical Sciences'}]","[{'id': '80056', 'code': '3213', 'name': 'Paediatrics'}]",9.023826,0.95119107,Medium similarity,Low similarity,766.0,118.0,0.4872824631860776,0.07898259705488621,False,Biomedical and Clinical Sciences,False
pub.1189251447,Colm Talbot,10.21105/joss.07753,2025.0,ur.016466065256.03,GWPopulation: Hardware agnostic population inference for compact binaries and beyond,,"[{'id': '80017', 'code': '46', 'name': 'Information and Computing Sciences'}]",[],14.30145,0.97602177,Low similarity,Medium similarity,1403.0,366.0,0.060910307898259686,0.24497991967871485,False,Information and Computing Sciences,False
pub.1140817199,Roy Moyal,10.1167/jov.21.9.2891,2021.0,ur.013142761250.80,Drift Diffusion Modeling of Intentional and Incidental Temporal Selection of Behaviorally Relevant Moments,,"[{'id': '80003', 'code': '32', 'name': 'Biomedical and Clinical Sciences'}]","[{'id': '80055', 'code': '3212', 'name': 'Ophthalmology and Optometry'}]",8.508056,0.9886173,Medium similarity,Medium similarity,663.0,687.0,0.5562248995983936,0.4598393574297189,True,Biomedical and Clinical Sciences,False
pub.1054929675,Tianyu Wang,10.1017/s1431927615009381,2015.0,ur.016463733633.62,In vivo Three Photon Imaging of Neuronal Activities from Hippocampus in Intact Mouse Brain,,"[{'id': '80002', 'code': '31', 'name': 'Biological Sciences'}
 {'id': '80011', 'code': '40', 'name': 'Engineering'}]","[{'id': '80034', 'code': '3101', 'name': 'Biochemistry and Cell Biology'}
 {'id': '80124', 'code': '4016', 'name': 'Materials Engineering'}]",7.185205,0.98836386,Medium similarity,Medium similarity,478.0,667.0,0.6800535475234271,0.4464524765729585,True,Biological Sciences,False
